lambda_m,m_c_eV,alpha_max,theta_max_rad,kappa_vc_max_GeV
2.075598028076174e-06,0.09506994019593382,708758.5955207881,2.0046984677682674e-13,1.2733094942633812e-11
2.1144619593899316e-06,0.09332254927723227,708758.5955207881,2.0046984677682674e-13,1.2733094942633812e-11
2.15405358707685e-06,0.09160727550319757,708758.5955207881,2.0046984677682674e-13,1.2733094942633812e-11
2.194386536675912e-06,0.08992352855888085,684775.4354527228,1.9704888210711622e-13,1.251580806066541e-11
2.2354746888535544e-06,0.08827072897935498,661603.8238730788,1.936862952905321e-13,1.230222912160392e-11
2.2773321841807133e-06,0.08664830795029133,661603.8238730788,1.936862952905321e-13,1.230222912160392e-11
2.3199734279993173e-06,0.08505570711220149,661603.8238730788,1.936862952905321e-13,1.230222912160392e-11
2.363413095379942e-06,0.08349237836827579,661603.8238730788,1.936862952905321e-13,1.230222912160392e-11
2.4076661361722516e-06,0.08195778369575517,661603.8238730788,1.936862952905321e-13,1.230222912160392e-11
2.4527477801500065e-06,0.08045139496076999,617586.3298586851,1.8713228740646524e-13,1.1885943051731786e-11
2.4986735422524525e-06,0.07897269373658063,617586.3298586851,1.8713228740646524e-13,1.1885943051731786e-11
2.5454592279237826e-06,0.0775211711251611,617586.3298586851,1.8713228740646524e-13,1.1885943051731786e-11
2.593120938552644e-06,0.07609632758205967,576497.3856945108,1.808000557677441e-13,1.1483743379556916e-11
2.641675077013451e-06,0.07469767274448008,576497.3856945108,1.808000557677441e-13,1.1483743379556916e-11
2.6911383533114515e-06,0.07332472526252273,576497.3856945108,1.808000557677441e-13,1.1483743379556916e-11
2.741527790333546e-06,0.0719770126335259,538142.1505697062,1.7468209585135424e-13,1.1095153445843131e-11
2.7928607297067047e-06,0.07065407103945441,538142.1505697062,1.7468209585135424e-13,1.1095153445843131e-11
2.8451548377661627e-06,0.06935544518727452,502338.74672459916,1.6877115707430874e-13,1.0719712720675097e-11
2.8984281116353095e-06,0.06808068815226437,468917.39699946623,1.6306023420075764e-13,1.0356976257670074e-11
2.952698885419416e-06,0.06682936122420444,468917.39699946623,1.6306023420075764e-13,1.0356976257670074e-11
3.0079858365153976e-06,0.06560103375639345,437719.6197634799,1.5754255903986674e-13,1.0006514166658201e-11
3.064307992039628e-06,0.0643952830174416,437719.6197634799,1.5754255903986674e-13,1.0006514166658201e-11
3.121684735376203e-06,0.0632116940457857,408597.4774062467,1.522115924246267e-13,9.667911104206472e-12
3.180135812847755e-06,0.06204985950687973,381412.87482832157,1.470610164620841e-13,9.340765781382374e-12
3.239681340511169e-06,0.060909379553010304,381412.87482832157,1.470610164620841e-13,9.340765781382374e-12
3.300341811080603e-06,0.05978986168568731,356036.9046041998,1.4208472704581118e-13,9.024690488173983e-12
3.362138100980078e-06,0.05869092062056533,356036.9046041998,1.4208472704581118e-13,9.024690488173983e-12
3.4250914775281233e-06,0.057612178154847475,332349.2357126055,1.3727682662174217e-13,8.719310634002932e-12
3.4892236062570104e-06,0.056553263037125406,332349.2357126055,1.3727682662174217e-13,8.719310634002932e-12
3.55455655836894e-06,0.05551381083961324,310237.54293545743,1.326316171987988e-13,8.424264303785493e-12
3.6211128183319353e-06,0.05449346383272825,310237.54293545743,1.326316171987988e-13,8.424264303785493e-12
3.6889152916179004e-06,0.053491870861977826,310237.54293545743,1.326316171987988e-13,8.424264303785493e-12
3.75798731258556e-06,0.052508687227109246,310237.54293545743,1.326316171987988e-13,8.424264303785493e-12
3.828352652511078e-06,0.05154357456347969,310237.54293545743,1.326316171987988e-13,8.424264303785493e-12
3.900035527768933e-06,0.050596200725608144,310237.54293545743,1.326316171987988e-13,8.424264303785493e-12
3.973060608166083e-06,0.04966623967286614,310237.54293545743,1.326316171987988e-13,8.424264303785493e-12
4.047453025432108e-06,0.04875337135727061,310237.54293545743,1.326316171987988e-13,8.424264303785493e-12
4.123238381868322e-06,0.04785728161333888,310237.54293545743,1.326316171987988e-13,8.424264303785493e-12
4.200442759158913e-06,0.0469776620499674,310237.54293545743,1.326316171987988e-13,8.424264303785493e-12
4.27909272734694e-06,0.046114209944299045,205254.34471508712,1.0788127446886105e-13,6.85221509583721e-12
4.359215353978531e-06,0.04526662813753978,205254.34471508712,1.0788127446886105e-13,6.85221509583721e-12
4.4408382134182025e-06,0.04443462493269113,205254.34471508712,1.0788127446886105e-13,6.85221509583721e-12
4.523989396338609e-06,0.04361791399416237,191598.46552588546,1.0423075948352613e-13,6.620348036301202e-12
4.608697519388059e-06,0.042816214249226964,191598.46552588546,1.0423075948352613e-13,6.620348036301202e-12
4.694991735038968e-06,0.0420292497912911,178851.13244657975,1.0070377158594368e-13,6.396326955408008e-12
4.782901741620704e-06,0.04125674978494018,178851.13244657975,1.0070377158594368e-13,6.396326955408008e-12
4.872457793540406e-06,0.040498448372729576,155844.3385051167,9.400379872747135e-14,5.97076973624691e-12
4.9636907116950146e-06,0.03975408458369,145475.78108480485,9.082287342210629e-14,5.76872925699354e-12
5.056631894078415e-06,0.0390234022435132,145475.78108480485,9.082287342210629e-14,5.76872925699354e-12
5.151313326587095e-06,0.038306149886389314,135797.05933006472,8.77495851051957e-14,5.573525476701962e-12
5.247767594028122e-06,0.037602080668464634,135797.05933006472,8.77495851051957e-14,5.573525476701962e-12
5.346027891333344e-06,0.03691095228288924,126762.2774401401,8.47802915279688e-14,5.384927053351677e-12
5.446128034983408e-06,0.0362325268764272,126762.2774401401,8.47802915279688e-14,5.384927053351677e-12
5.5481024746458446e-06,0.035566570967598445,118328.59313068766,8.191147368902829e-14,5.202710473134419e-12
5.6519863050309625e-06,0.034912855366325775,110456.01447875281,7.913973166387291e-14,5.0266597855610335e-12
5.757815277969726e-06,0.034271155095058875,110456.01447875281,7.913973166387291e-14,5.0266597855610335e-12
5.865625814717902e-06,0.033641249311347377,103107.21028395592,7.646178057554261e-14,4.856566347531923e-12
5.975455018490414e-06,0.03302292123183799,103107.21028395592,7.646178057554261e-14,4.856566347531923e-12
6.087340687230575e-06,0.032415958057667636,96247.33304662982,7.387444670160904e-14,4.692228576067648e-12
6.201321326618289e-06,0.03182015090122843,89843.85372349017,7.137466371289962e-14,4.533451709406734e-12
6.317436163321821e-06,0.03123529471427883,89843.85372349017,7.137466371289962e-14,4.533451709406734e-12
6.435725158497807e-06,0.03066118821737549,83866.4074772568,6.895946903949606e-14,4.380047576187504e-12
6.5562290215439384e-06,0.030097633830602686,83866.4074772568,6.895946903949606e-14,4.380047576187504e-12
6.678989224109134e-06,0.02954443760557499,83866.4074772568,6.895946903949606e-14,4.380047576187504e-12
6.80404801436619e-06,0.0290014091586891,83866.4074772568,6.895946903949606e-14,4.380047576187504e-12
6.9314484315514645e-06,0.028468361605603454,78286.64968878469,6.662600035970144e-14,4.231834372440386e-12
7.061234320777018e-06,0.027945111496921145,78286.64968878469,6.662600035970144e-14,4.231834372440386e-12
7.193450348119952e-06,0.02743147875505563,78286.64968878469,6.662600035970144e-14,4.231834372440386e-12
7.328142015994289e-06,0.02692728661225686,78286.64968878469,6.662600035970144e-14,4.231834372440386e-12
7.465355678810818e-06,0.02643236154977587,73078.12154892302,6.43714922078143e-14,4.088636446126417e-12
7.6051385589299496e-06,0.025946533238148408,73078.12154892302,6.43714922078143e-14,4.088636446126417e-12
7.747538762913482e-06,0.025469634478575316,73078.12154892302,6.43714922078143e-14,4.088636446126417e-12
7.892605298080537e-06,0.025001501145380915,68216.12459275089,6.219327269669037e-14,3.950284088966614e-12
8.04038808937347e-06,0.02454197212952892,59441.037174954654,5.805546104887363e-14,3.687465767840042e-12
8.19093799653976e-06,0.024090889283176146,59441.037174954654,5.805546104887363e-14,3.687465767840042e-12
8.344306831635364e-06,0.023648097365245944,51794.74679231212,5.4192944211740214e-14,3.4421331435302474e-12
8.500547376856049e-06,0.023213443988001386,48348.76465822912,5.2359149089107695e-14,3.3256573354362105e-12
8.659713402702452e-06,0.022786779564600814,45132.048880366354,5.0587406408923294e-14,3.2131228664204326e-12
8.82185968648525e-06,0.022367957257617387,45132.048880366354,5.0587406408923294e-14,3.2131228664204326e-12
8.987042031176991e-06,0.021956832928504397,34267.602534331585,4.40800166073476e-14,2.7997978028040904e-12
9.155317284616738e-06,0.02155326508798985,29859.536118477088,4.1147307035311496e-14,2.613523058645293e-12
9.326743359074325e-06,0.021157114847382766,26018.508190568024,3.840971502664938e-14,2.439641452404051e-12
9.501379251181084e-06,0.020768245870774072,24287.457844097407,3.710999697105948e-14,2.357088222247172e-12
9.679285062233607e-06,0.020386524328116492,21163.20288223407,3.4641013252094315e-14,2.2002676100161532e-12
9.860522018877664e-06,0.02001181884916677,21163.20288223407,3.4641013252094315e-14,2.2002676100161532e-12
1.0045152494179618e-05,0.019644000478274033,17213.944510352827,3.124209066115667e-14,1.984380758457614e-12
1.0233240029092085e-05,0.019282942629999786,14999.601951533683,2.916350754380999e-14,1.8523569324066308e-12
1.0424849354321837e-05,0.018928521045552954,14001.655952287821,2.8176665092812316e-14,1.7896763905495627e-12
1.0620046412606848e-05,0.018580613750026276,13070.104796093687,2.7223215676641726e-14,1.729116849380191e-12
1.0818898381410764e-05,0.01823910101041812,11388.811511988424,2.5412014335506487e-14,1.614076113789792e-12
1.1021473696042105e-05,0.017903865294426245,10631.096812539887,2.4552115899971353e-14,1.5594585810449284e-12
1.1227842073206343e-05,0.017574791229998943,10631.096812539887,2.4552115899971353e-14,1.5594585810449284e-12
1.1438074534999181e-05,0.01725176556562928,9263.54911858887,2.2918626830423588e-14,1.4557054643307666e-12
1.165224343334889e-05,0.016934677131379465,9263.54911858887,2.2918626830423588e-14,1.4557054643307666e-12
1.1870422474916297e-05,0.016623416800621616,8647.23131151745,2.214310029813453e-14,1.4064469193428946e-12
1.209268674646125e-05,0.016317877452481346,8071.9180518879,2.139381623694701e-14,1.3588551979768172e-12
1.2319112740683678e-05,0.016017953934972178,8071.9180518879,2.139381623694701e-14,1.3588551979768172e-12
1.2549778382548896e-05,0.015723543028807043,6565.620062828875,1.9294688108536072e-14,1.225526429658033e-12
1.2784763056105554e-05,0.015434543411875244,5721.041301614964,1.8010983589787713e-14,1.143990319473305e-12
1.302414763180574e-05,0.015150855624372366,4985.106244585521,1.6812685856688598e-14,1.0678789289055259e-12
1.32680144943369e-05,0.014872382034570716,4343.839339665392,1.569411266778177e-14,9.96831343228009e-13
1.351644757097448e-05,0.014599026805219469,3785.0628016842766,1.464995982965092e-14,9.305106599117709e-13
1.376953236046585e-05,0.014330695860561822,3533.236900434341,1.4154230629602102e-14,8.990237950712717e-13
1.4027355962454806e-05,0.014067296853958751,3298.165353831348,1.3675276044817679e-14,8.686023910580335e-13
1.4290007107456988e-05,0.013808739136107804,3078.7334695491886,1.3212528451447264e-14,8.392103945279004e-13
1.4557576187396875e-05,0.013554933723845768,2036.9018361397743,1.0746942836124351e-14,6.82605617131882e-13
1.4830155286716114e-05,0.013305793269525145,1774.8817964452978,1.0031932621714106e-14,6.371908423344834e-13
1.5107838214064776e-05,0.013061232030953092,1546.5671125924177,9.364493108526212e-15,5.947975805720409e-13
1.53907205345857e-05,0.012821165841883166,1347.6220436441713,8.741459346509363e-15,5.552248060536942e-13
1.567889960280335e-05,0.012585512083049399,1174.2685834509273,8.159876954482776e-15,5.182848675357454e-13
1.5972474596128777e-05,0.012354189653732542,1023.2147155674901,7.616988110673687e-15,4.838025984929933e-13
1.627154654899147e-05,0.01212711894384929,891.591897210636,7.110218475325262e-15,4.51614486491696e-13
1.6576218387610796e-05,0.011904221806554132,776.900585065158,6.637164983363134e-15,4.215678978254023e-13
1.6886594965418177e-05,0.011685421531345021,676.9627684626569,6.19558444923404e-15,3.935203537369182e-13
1.720278309914249e-05,0.011470642817663393,631.9234208447253,5.98593663049822e-15,3.802043083395719e-13
1.7524891605571468e-05,0.011259811748979167,550.63496753006,5.587683294746585e-15,3.549087458553471e-13
1.7853031339001137e-05,0.011052855767352297,479.80318099545667,5.215926350324787e-15,3.3129613505619833e-13
1.818731522938641e-05,0.010849703648461877,418.08295162582715,4.868902952604851e-15,3.0925450664410895e-13
1.8527858321206404e-05,0.010650285477094013,364.3022000761159,4.544967541654052e-15,2.886793408062787e-13
1.88747778130571e-05,0.010454532623080423,317.4396192530611,4.242584039108356e-15,2.694730715897076e-13
1.922819309798537e-05,0.010262377717679301,296.31988560550656,4.0990223627418214e-15,2.603545708042315e-13
1.958822580457861e-05,0.010073754630390067,258.20231567108107,3.826308261331996e-15,2.4303279098907495e-13
1.9954999838823157e-05,0.009888598446194592,224.9880587044531,3.571738237832986e-15,2.2686345514691222e-13
2.0328641426747046e-05,0.009706845443216414,196.04636940623664,3.3341051395470354e-15,2.117698894529367e-13
2.0709279157860854e-05,0.0095284330707908,183.00311061525045,3.2212848115102936e-15,2.0460396414572495e-13
2.109704402941189e-05,0.009353299927937856,159.4622204963168,3.006967904937349e-15,1.9099135575059382e-13
2.1492069491467492e-05,0.009181385742231117,138.94954943731386,2.806909823376981e-15,1.782844145945745e-13
2.1894491492841764e-05,0.009012631349054832,129.70502765560033,2.711928869331253e-15,1.7225157960691393e-13
2.230444852788296e-05,0.008846978671242197,113.02021943759574,2.531500177014402e-15,1.6079142384491882e-13
2.272208168413646e-05,0.008684370699088053,113.02021943759574,2.531500177014402e-15,1.6079142384491882e-13
2.3147534690900192e-05,0.008524751470728915,91.92955323316828,2.2831132987784824e-15,1.450148182659097e-13
2.3580953968689685e-05,0.008368066052883476,80.10405199404164,2.1312143490794823e-15,1.3536676505840206e-13
2.4022488679628628e-05,0.008214260521947327,69.79974252228799,1.989421464170171e-15,1.2636061129129642e-13
2.4472290778783615e-05,0.008063281945434944,65.15586103639374,1.922102896579496e-15,1.2208478763843343e-13
2.4930515066459688e-05,0.007915078363762897,56.774435386821025,1.7942225100213522e-15,1.139623037361123e-13
2.5397319241474995e-05,0.007769598772367909,52.997147106985764,1.7335091360636801e-15,1.1010601728046749e-13
2.587286395543353e-05,0.00762679310415342,46.17977655810208,1.6181761750570693e-15,1.027804989238484e-13
2.635731286801328e-05,0.007486612212259018,46.17977655810208,1.6181761750570693e-15,1.027804989238484e-13
2.6850832703290414e-05,0.007349007853146346,37.56218355015583,1.4594032339339924e-15,9.269583548869361e-14
2.7353593307117558e-05,0.007213932669996027,35.06311518034586,1.4100195628441588e-15,8.95591693879674e-14
2.786576770557641e-05,0.0070813401764097655,30.552716756444763,1.3162088479901658e-15,8.360066361726155e-14
2.838753216452541e-05,0.006951184740411864,28.519998718212467,1.2716706262545167e-15,8.077176233832042e-14
2.8919066250261552e-05,0.006823421568744991,24.851284269805557,1.18706447350928e-15,7.539789592919716e-14
2.946055289131888e-05,0.006698006691454395,23.197891080219023,1.1468962731386482e-15,7.28465620641926e-14
3.001217844142355e-05,0.006574896946755602,20.213794235774902,1.0705915451180696e-15,6.799997110760097e-14
3.057413274362764e-05,0.006454049966180235,18.86894020882467,1.0343645863815527e-15,6.569897017159253e-14
3.114660919564448e-05,0.0063354241599947285,17.613561335955243,9.993634850182616e-16,6.347583111142414e-14
3.172980481640635e-05,0.006218978702887238,16.441704701060253,9.655467601434669e-16,6.132791921642956e-14
3.232392031386938e-05,0.006104673519917446,15.347813444464123,9.328743345135435e-16,5.925268892997609e-14
3.2929160154087376e-05,0.005992469272724727,14.326700412694024,9.013074870291915e-16,5.724768083264682e-14
3.354573263157932e-05,0.005882327345989757,14.326700412694024,9.013074870291915e-16,5.724768083264682e-14
3.417384994101413e-05,0.005774209834145021,12.483762994590869,8.413421490370604e-16,5.343890682400027e-14
3.48137282502383e-05,0.0056680795283294404,12.483762994590869,8.413421490370604e-16,5.343890682400027e-14
3.546558777466999e-05,0.005563899903582978,10.154172062948112,7.587909598943135e-16,4.819556401767743e-14
3.6129652853087115e-05,0.005461635106276404,8.847974326860614,7.083074600563027e-16,4.4989040908047686e-14
3.680615202483374e-05,0.005361249941772237,7.709801370655077,6.611827031272089e-16,4.199585258684e-14
3.749531810847215e-05,0.005262709862312477,6.718039065111661,6.17193226907214e-16,3.9201805570834225e-14
3.819738828190838e-05,0.005165980955128834,6.271077857109719,5.963084799039485e-16,3.787528454674469e-14
3.891260416401682e-05,0.0050710299307716806,5.464387991209716,5.566351829885129e-16,3.5355385098355744e-14
3.9641211897794405e-05,0.004977824111653334,5.100834068127303,5.377996150285643e-16,3.4159020263501286e-14
4.0383462235071e-05,0.00488633142080204,4.761467932442329,5.196014099792181e-16,3.300313833709465e-14
4.113961062280591e-05,0.00479652037082264,3.1502053913528876,4.226387607138587e-16,2.6844433480300984e-14
4.1909917291001e-05,0.0047083600530600555,2.940617505136881,4.083373989903776e-16,2.5936064468392886e-14
4.269464734225877e-05,0.004621820126962088,2.562346593033208,3.8117009981926543e-16,2.4210499226325295e-14
4.349407084301851e-05,0.004536870809637588,2.232735148777283,3.558102817803675e-16,2.2599738426090416e-14
4.430846291649997e-05,0.0044534828656066444,1.9455237859466732,3.3213769044490486e-16,2.1096143956104223e-14
4.5138103837387304e-05,0.0043716275967391575,1.6952583040389262,3.1004007209148137e-16,1.9692585879794294e-14
4.59832791282868e-05,0.004291276832378261,1.5824702282172851,2.995488544562006e-16,1.902622297104933e-14
4.684427965798932e-05,0.004212402919645404,1.3789067060798474,2.7961942020526777e-16,1.7760379840273614e-14
4.772140174157407e-05,0.004134978713923487,1.2015288946155827,2.610159210852953e-16,1.6578755150234713e-14
4.861494724238572e-05,0.004058977569515026,1.1215893764047442,2.5218359558650914e-16,1.601775886601303e-14
4.9525223675921004e-05,0.003984373330471997,0.9773119803553492,2.354054429992488e-16,1.4952073361232776e-14
5.0452544315661504e-05,0.0039111403215941615,0.8515939318253837,2.1974356605072202e-16,1.3957289510335495e-14
5.1397228300886526e-05,0.0038392533395929527,0.7949361111716613,2.123078253742375e-16,1.3484999071026263e-14
5.235960074650628e-05,0.003768687644417662,0.6926782665822973,1.9818266754502267e-16,1.2587821871508046e-14
5.333999285495048e-05,0.0036994189507411246,0.6035745190745848,1.8499727763697862e-16,1.1750335215763377e-14
5.433874203015208e-05,0.0036314234196018935,0.5634178016827839,1.7873729102127648e-16,1.1352724277266036e-14
5.5356191993666086e-05,0.00356467765019997,0.4909416753706422,1.6684563115809639e-16,1.0597410515631122e-14
5.639269290296177e-05,0.003499158671843392,0.42778862843143783,1.5574514124883927e-16,9.892348910622414e-15
5.74486014719297e-05,0.0034348439360428486,0.3993272098120998,1.5047499613031732e-16,9.557609002179708e-15
5.852428109364622e-05,0.0033717113087515242,0.34795913231831904,1.4046366910577343e-16,8.921726950315894e-15
5.9620101965435615e-05,0.003309739062747647,0.34795913231831904,1.4046366910577343e-16,8.921726950315894e-15
6.073644121627401e-05,0.0032489058701570296,0.283026592379659,1.266815913514303e-16,8.046340914089832e-15
6.187368303657928e-05,0.0031891907951130324,0.2641964089882525,1.2239490629073464e-16,7.774066710539547e-15
6.303221881043124e-05,0.0031305732865514204,0.2466190259205639,1.1825327520839183e-16,7.511005793215944e-15
6.421244725026693e-05,0.003073033171137699,0.23021109249335894,1.1425178972966995e-16,7.256846400512574e-15
6.541477453409849e-05,0.003016550646324405,0.21489480346928372,1.1038570757071399e-16,7.0112873202943335e-15
6.663961444529981e-05,0.0029611062735360374,0.16316409058889902,9.618607017719318e-17,6.109379457392859e-15
6.788738851501116e-05,0.0029066809714792217,0.15230853909160533,9.293130059562264e-17,5.902648665880503e-15
6.915852616721024e-05,0.002853256009575831,0.14217522370573188,8.978666676457807e-17,5.7029132853517574e-15
7.045346486649897e-05,0.002800813001516837,0.12388629239937776,8.381302525243303e-17,5.3234899169482364e-15
7.177265026865802e-05,0.002749333898934614,0.11564395168521471,8.09769380245372e-17,5.143352262737373e-15
7.311653637401962e-05,0.002698800985191578,0.10794998625238925,7.823681906338767e-17,4.969310153924522e-15
7.44855856837137e-05,0.002649196869282933,0.10076791187152839,7.55894209694926e-17,4.801157327838707e-15
7.588026935883745e-05,0.002600504479851562,0.09406367166372262,7.303160622971985e-17,4.6386945013795635e-15
7.730106738260734e-05,0.0025527070593128493,0.0819636447768865,6.817270400745134e-17,4.330075203725314e-15
7.874846872554595e-05,0.0025057881580875397,0.07651048064273179,6.586585809007368e-17,4.183552978282118e-15
8.022297151376162e-05,0.0024597316289405972,0.07142012369162701,6.363707183255537e-17,4.041988810502755e-15
8.17250832003807e-05,0.0024145216214240674,0.0666684358179086,6.148370383156248e-17,3.9052149283258684e-15
8.325532074018731e-05,0.0023701425764221496,0.06223288486026066,5.940320206426274e-17,3.773069236805306e-15
8.481421076753552e-05,0.0023265792207964654,0.05809243775583086,5.739310086384484e-17,3.645395126006405e-15
8.640228977759107e-05,0.0022838165621297903,0.054227460802962923,5.545101799738062e-17,3.522041285402732e-15
8.802010431096683e-05,0.002241839883566397,0.05061962655959843,5.357465184256713e-17,3.4028615245532988e-15
8.966821114181707e-05,0.002200634738747185,0.04410809206876526,5.001024995776819e-17,3.1764640471143413e-15
9.134717746945094e-05,0.002160186946837976,0.04117351459420149,4.8317989945175615e-17,3.068978019891744e-15
9.305758111353655e-05,0.0021204825876491216,0.038434178957366595,4.6682993072692123e-17,2.9651291331740425e-15
9.48000107129583e-05,0.0020815079968448487,0.035877095426167765,4.510332165509741e-17,2.864794312442671e-15
9.657506592839751e-05,0.002043249761240668,0.03349013849485758,4.3577103575074274e-17,2.767854647807055e-15
9.838335764870819e-05,0.002005694714187171,0.03126198938575962,4.2102530064504395e-17,2.6741952530808178e-15
0.00010022550820115416,0.00196882993103873,0.03126198938575962,4.2102530064504395e-17,2.6741952530808178e-15
0.00010210215156558561,0.0019326427247054285,0.029182082376440918,4.0677853560841595e-17,2.583705129626626e-15
0.00010401393359262395,0.0018971206412867867,0.027240554697817776,3.930138563602143e-17,2.496277034808272e-15
0.00010596151222593204,0.0018622514557857359,0.02542819976561596,3.7971494995453085e-17,2.411807354894124e-15
0.00010794555772864794,0.0018280231679013402,0.023736423523411945,3.668660554472193e-17,2.3301959822613015e-15
0.00010996675291405693,0.0017944239978988769,0.022157203690236778,3.544519452171131e-17,2.2513461967550373e-15
0.0001120257933805822,0.0017614423825558314,0.020683051719498167,3.4245790691930196e-17,2.1751645510626394e-15
0.00011412338775117807,0.0017290669711823644,0.020683051719498167,3.4245790691930196e-17,2.1751645510626394e-15
0.00011626025791720264,0.0016972866217149704,0.019306977288832534,3.308697260490795e-17,2.101560759966206e-15
0.00011843713928685885,0.001666090396881904,0.019306977288832534,3.308697260490795e-17,2.101560759966206e-15
0.00012065478103828656,0.0016354675604390973,0.018022455152500002,3.1967366909589195e-17,2.0304475933428097e-15
0.00012291394637739355,0.0016054075734752633,0.018022455152500002,3.1967366909589195e-17,2.0304475933428097e-15
0.0001252154128005149,0.0015759000907848986,0.014659290687795343,2.8830778358582355e-17,1.8312232189140214e-15
0.00012755997236198928,0.0015469349573079723,0.014659290687795343,2.8830778358582355e-17,1.8312232189140214e-15
0.0001299484319467464,0.0015185022046350334,0.013683986106984673,2.7855194885407397e-17,1.7692578052215063e-15
0.00013238161354799794,0.0014905920475765668,0.012773570001722294,2.6912623462801966e-17,1.7093891935214663e-15
0.00013486035455012867,0.0014631948807953933,0.011923725244475075,2.6001947020302276e-17,1.6515464316757035e-15
0.00013738550801688327,0.0014363012755009832,0.011130421932675228,2.512208628716924e-17,1.595660968443168e-15
0.00013995794298495034,0.0014099019762045127,0.011130421932675228,2.512208628716924e-17,1.595660968443168e-15
0.00014257854476304297,0.0013839878975335713,0.010389898279212797,2.4271998513311325e-17,1.541666572237762e-15
0.00014524821523658022,0.001358550121105405,0.009698642774312455,2.3450676233489353e-17,1.4894992526352486e-15
0.0001479678731780712,0.001333579892457654,0.009698642774312455,2.3450676233489353e-17,1.4894992526352486e-15
0.00015073845456331446,0.0013090686180354664,0.009053377534207164,2.2657146073338157e-17,1.4390971845362142e-15
0.00015356091289351495,0.001285007862234019,0.008451042757649919,2.1890467595790904e-17,1.3904006348952556e-15
0.00015643621952343267,0.001261389344495392,0.008451042757649919,2.1890467595790904e-17,1.3904006348952556e-15
0.00015936536399567818,0.0012382049364587859,0.00788878221655667,2.1149732186537936e-17,1.343351891929493e-15
0.0001623493543812641,0.0012154466591631392,0.00788878221655667,2.1149732186537936e-17,1.343351891929493e-15
0.0001653892176265356,0.0011931066803011479,0.0073639297119787155,2.043406197719996e-17,1.2978951967225586e-15
0.00016848599990659582,0.0011711773115237638,0.0073639297119787155,2.043406197719996e-17,1.2978951967225586e-15
0.00017164076698534904,0.0011496510057942323,0.006873996431179507,1.974260880493917e-17,1.253976677142986e-15
0.00017485460458228615,0.0011285203547907624,0.006873996431179507,1.974260880493917e-17,1.253976677142986e-15
0.00017812861874613622,0.0011077780863569414,0.006416659145864126,1.907455320727533e-17,1.2115442839986872e-15
0.00018146393623551607,0.0010874170619990069,0.006416659145864126,1.907455320727533e-17,1.2115442839986872e-15
0.00018486170490670623,0.0010674302744291177,0.005989749195598086,1.8429103450915383e-17,1.170547729351841e-15
0.00018832309410868862,0.0010478108451537807,0.005989749195598086,1.8429103450915383e-17,1.170547729351841e-15
0.00019184929508557944,0.0010285520221066076,0.005591242204176077,1.780549459344612e-17,1.1309384269211203e-15
0.00019544152138659888,0.0010096471773245745,0.005591242204176077,1.780549459344612e-17,1.1309384269211203e-15
0.0001991010092837161,0.0009910898046669963,0.005591242204176077,1.780549459344612e-17,1.1309384269211203e-15
0.00020282901819711574,0.0009728735175764217,0.005219248480175836,1.7202987576777193e-17,1.092669434500584e-15
0.00020662683112862852,0.0009549920468806917,0.005219248480175836,1.7202987576777193e-17,1.092669434500584e-15
0.00021049575510327987,0.0009374392386353891,0.005219248480175836,1.7202987576777193e-17,1.092669434500584e-15
0.00021443712161910492,0.0009202090520059448,0.004872004056177698,1.6620868351260604e-17,1.05569539832702e-15
0.0002184522871053864,0.0009032955571886732,0.004872004056177698,1.6620868351260604e-17,1.05569539832702e-15
0.00022254263338947216,0.0008866929333700199,0.004872004056177698,1.6620868351260604e-17,1.05569539832702e-15
0.00022670956817233482,0.0008703954667233125,0.004547862324158259,1.605844702944846e-17,1.0199724993298057e-15
0.0002309545255130336,0.000854397548442341,0.004547862324158259,1.605844702944846e-17,1.0199724993298057e-15
0.00023527896632224947,0.0008386936728110723,0.004547862324158259,1.605844702944846e-17,1.0199724993298057e-15
0.00023968437886506016,0.0008232784353088486,0.004547862324158259,1.605844702944846e-17,1.0199724993298057e-15
0.00024417227927313047,0.0008081465307504074,0.004245286227393852,1.5515057068486053e-17,9.854584011995714e-16
0.0002487442120664907,0.000793292751460096,0.004245286227393852,1.5515057068486053e-17,9.854584011995714e-16
0.00025340175068508717,0.0007787119854796362,0.004245286227393852,1.5515057068486053e-17,9.854584011995714e-16
0.0002581464980302845,0.0007643992148088352,0.004245286227393852,1.5515057068486053e-17,9.854584011995714e-16
0.00026298008701650826,0.0007503495136786271,0.003962840971848376,1.4990054480171408e-17,9.521122002141393e-16
0.00026790418113321413,0.0007365580468558647,0.003962840971848376,1.4990054480171408e-17,9.521122002141393e-16
0.0002729204750173822,0.0007230200679792614,0.003962840971848376,1.4990054480171408e-17,9.521122002141393e-16
0.00027803069503673034,0.0007097309179259195,0.003962840971848376,1.4990054480171408e-17,9.521122002141393e-16
0.00028323659988384553,0.0006966860232078877,0.0036991872224834336,1.4482817067744984e-17,9.198943767622577e-16
0.0002885399811814427,0.0006838808943981832,0.0036991872224834336,1.4482817067744984e-17,9.198943767622577e-16
0.00029394266409895497,0.0006713111245857473,0.0036991872224834336,1.4482817067744984e-17,9.198943767622577e-16
0.00029944650798066933,0.0006589723878587971,0.0036991872224834336,1.4482817067744984e-17,9.198943767622577e-16
0.00030505340698562365,0.0006468604378160558,0.0036991872224834336,1.4482817067744984e-17,9.198943767622577e-16
0.00031076529073948637,0.0006349711061053424,0.0036991872224834336,1.4482817067744984e-17,9.198943767622577e-16
0.00031658412499863944,0.000623300300989028,0.0036991872224834336,1.4482817067744984e-17,9.198943767622577e-16
0.00032251191232669834,0.0006118440059358539,0.0036991872224834336,1.4482817067744984e-17,9.198943767622577e-16
0.0003285506927836984,0.0006005982782386351,0.0036991872224834336,1.4482817067744984e-17,9.198943767622577e-16
0.00033470254462818503,0.0005895592476573698,0.003962840971848376,1.4990054480171408e-17,9.521122002141393e-16
0.00034096958503245216,0.0005787231150872861,0.003962840971848376,1.4990054480171408e-17,9.521122002141393e-16
0.00034735397081116915,0.0005680861512513764,0.003962840971848376,1.4990054480171408e-17,9.521122002141393e-16
0.00035385789916365446,0.0005576446954169559,0.003962840971848376,1.4990054480171408e-17,9.521122002141393e-16
0.00036048360843004537,0.0005473951541358165,0.003962840971848376,1.4990054480171408e-17,9.521122002141393e-16
0.00036723337886162893,0.0005373340000075306,0.003962840971848376,1.4990054480171408e-17,9.521122002141393e-16
0.00037410953340559277,0.0005274577704654934,0.0036991872224834336,1.4482817067744984e-17,9.198943767622577e-16
0.00038111443850447324,0.0005177630665852717,0.0036991872224834336,1.4482817067744984e-17,9.198943767622577e-16
0.0003882505049105725,0.0005082465519148551,0.0036991872224834336,1.4482817067744984e-17,9.198943767622577e-16
0.00039552018851562136,0.0004989049513264136,0.0036991872224834336,1.4482817067744984e-17,9.198943767622577e-16
0.00040292599119598146,0.000489735049889152,0.0036991872224834336,1.4482817067744984e-17,9.198943767622577e-16
0.00041047046167367,0.000480733691762887,0.0036991872224834336,1.4482817067744984e-17,9.198943767622577e-16
0.0004181561963935079,0.0004718977791119577,0.0036991872224834336,1.4482817067744984e-17,9.198943767622577e-16
0.0004259858404166926,0.0004632242710390981,0.0036991872224834336,1.4482817067744984e-17,9.198943767622577e-16
0.0004339620883310991,0.0004547101825389085,0.003008883104111412,1.306178547857807e-17,8.296357646454567e-16
0.0004420876851786293,0.00044635258347055823,0.003008883104111412,1.306178547857807e-17,8.296357646454567e-16
0.0004503654273999237,0.0004381485975493718,0.003008883104111412,1.306178547857807e-17,8.296357646454567e-16
0.0004587981637967616,0.0004300954013569503,0.00280869760147949,1.2619797340603835e-17,8.015623310851013e-16
0.00046738879651248184,0.0004221902233694861,0.00280869760147949,1.2619797340603835e-17,8.015623310851013e-16
0.0004761402820307633,0.00041443034300393594,0.00280869760147949,1.2619797340603835e-17,8.015623310851013e-16
0.0004850556321931016,0.000406813089681729,0.00280869760147949,1.2619797340603835e-17,8.015623310851013e-16
0.0004941379152353427,0.0003993358419096807,0.00280869760147949,1.2619797340603835e-17,8.015623310851013e-16
0.0005033902568436212,0.0003919960263778007,0.002621830740375793,1.2192765313678146e-17,7.744388537651261e-16
0.0005128158412300738,0.00038479111707368196,0.002621830740375793,1.2192765313678146e-17,7.744388537651261e-16
0.0005224179122286892,0.00037771863441317036,0.002621830740375793,1.2192765313678146e-17,7.744388537651261e-16
0.000532199774411682,0.00037077614438701007,0.002621830740375793,1.2192765313678146e-17,7.744388537651261e-16
0.0005421647942267689,0.0003639612577231728,0.002621830740375793,1.2192765313678146e-17,7.744388537651261e-16
0.0005523164011557358,0.0003572716290645876,0.002621830740375793,1.2192765313678146e-17,7.744388537651261e-16
0.000562658088894703,0.0003507049561619796,0.002621830740375793,1.2192765313678146e-17,7.744388537651261e-16
0.0005731934165564864,0.00034425897908154713,0.002621830740375793,1.2192765313678146e-17,7.744388537651261e-16
0.0005839260098954763,0.0003379314794271998,0.002621830740375793,1.2192765313678146e-17,7.744388537651261e-16
0.000594859562555444,0.00033172027957709447,0.002621830740375793,1.2192765313678146e-17,7.744388537651261e-16
0.0006059978373407193,0.0003256232419342016,0.00280869760147949,1.2619797340603835e-17,8.015623310851013e-16
0.0006173446675111672,0.0003196382681906466,0.00280869760147949,1.2619797340603835e-17,8.015623310851013e-16
0.0006289039581014114,0.00031376329860557315,0.00280869760147949,1.2619797340603835e-17,8.015623310851013e-16
0.0006406796872647599,0.00030799631129627955,0.00280869760147949,1.2619797340603835e-17,8.015623310851013e-16
0.0006526759076422942,0.00030233532154238347,0.00280869760147949,1.2619797340603835e-17,8.015623310851013e-16
0.0006648967477575968,0.0002967783811027754,0.00280869760147949,1.2619797340603835e-17,8.015623310851013e-16
0.0006773464134375863,0.00029132357754512947,0.00280869760147949,1.2619797340603835e-17,8.015623310851013e-16
0.0006900291892599645,0.00028596903358773455,0.002621830740375793,1.2192765313678146e-17,7.744388537651261e-16
0.0007029494400277606,0.00028071290645342465,0.002621830740375793,1.2192765313678146e-17,7.744388537651261e-16
0.0007161116122714906,0.00027555338723538226,0.002621830740375793,1.2192765313678146e-17,7.744388537651261e-16
0.0007295202357794351,0.00027048870027460115,0.00280869760147949,1.2619797340603835e-17,8.015623310851013e-16
0.0007431799251565768,0.0002655171025487888,0.003008883104111412,1.306178547857807e-17,8.296357646454567e-16
0.0007570953814127295,0.00026063688307250083,0.003008883104111412,1.306178547857807e-17,8.296357646454567e-16
0.0007712713935803945,0.0002558463623083038,0.003008883104111412,1.306178547857807e-17,8.296357646454567e-16
0.0007857128403629199,0.00025114389158875763,0.003008883104111412,1.306178547857807e-17,8.296357646454567e-16
0.0008004246918135138,0.00024652785254902413,0.00280869760147949,1.2619797340603835e-17,8.015623310851013e-16
0.0008154120110457021,0.00024199665656990212,0.00280869760147949,1.2619797340603835e-17,8.015623310851013e-16
0.000830679955975804,0.00023754874423110277,0.0019906885672672093,1.0624329960146384e-17,6.748177058019808e-16
0.0008462337810980431,0.0002331825847745708,0.0017346132433806102,9.91747736414718e-18,6.299210724178849e-16
0.0008620788392928907,0.000228896675577671,0.0017346132433806102,9.91747736414718e-18,6.299210724178849e-16
0.0008782205836692712,0.00022468954163605814,0.0017346132433806102,9.91747736414718e-18,6.299210724178849e-16
0.0008946645694412602,0.00022055973505605067,0.0016759169434907833,9.74823824803627e-18,6.191716366892956e-16
0.0009114164558399218,0.00021650583455633577,0.001619206824459372,9.581887152474373e-18,6.086056372252523e-16
0.0009284820080609482,0.0002125264449788314,0.001619206824459372,9.581887152474373e-18,6.086056372252523e-16
0.0009458670992487582,0.00020862019680854132,0.001619206824459372,9.581887152474373e-18,6.086056372252523e-16
